chapter,section,label,sheet
F5 SC Chp 6 6.1 part 1,A,Electrolytic Cell,F5 SC Chp 6 6.1 part 1 A.csv
F5 SC Chp 6 6.1 part 1,B,Ion,F5 SC Chp 6 6.1 part 1 B.csv
F5 SC Chp 6 6.1 part 1,C,Test gas,F5 SC Chp 6 6.1 part 1 C.csv
F5 SC Chp 6 6.1 part 2,A,Position of ions in the electrochemical series,F5 SC Chp 6 6.1 part 2.csv
F5 SC Chp 6 6.1 part 3,A,Concentration of electrolyte,F5 SC Chp 6 6.1 part 3 A.csv
F5 SC Chp 6 6.1 part 3,B,Types of Electrode,F5 SC Chp 6 6.1 part 3 B.csv
F5 SC Chp 6 6.1 part 4,A,Extraction & Purification of metals,F5 SC Chp 6 6.1 part 4 A.csv
F5 SC Chp 6 6.1 part 4,B,Electroplating of metals,F5 SC Chp 6 6.1 part 4 B.csv
F5 SC Chp 6 6.1 part 4,C,Wastewater treatment using electrocoagulation,F5 SC Chp 6 6.1 part 4 C.csv
F5 SC Chp 6 6.2 Chemical Cell,A,Chemical Cell,F5 SC Chp 6 6.2.csv
F5 SC Chp 7 7.1 位置,A,Convex lens & Concave lens / Kanta cembung & Kanta cekung,F5 SC Chp 7 7.1 A.csv
F5 SC Chp 7 7.1 特征,B,Convex lens & Concave lens / Kanta cembung & Kanta cekung,F5 SC Chp 7 7.1 B.csv
F5 SC Chp 7 7.2,A,Optical Instruments,F5 SC Chp 7 7.2.csv
F5 SC Chp 8 Pascal’s Principle,A,Pascal’s Principle,F5 SC Chp 8 A.csv
F5 SC Chp 8 Bernoulli’s Principle,A,Bernoulli’s Principle,F5 SC Chp 8 B.csv
